preg,plas,pres
6.0,0.6709677419354838,72.0
1.0,0.264516129032258,66.0
8.0,0.896774193548387,64.0
